,temperature,humidity,wind,msl_pressure,solar_radiation
1335,0.027029401,0.083751685,0.001972949,0.99594466,0.018286835
631,0.026333462,0.085213899,0.001578035,0.995937442,0.013421306
521,0.026055935,0.087840085,0.001480451,0.995751258,0.017070433
403,0.027113234,0.079367831,0.002464839,0.996189515,0.019272196
280,0.026725382,0.085304265,0.001479265,0.995841001,0.011321471
1402,0.026712556,0.083094778,0.001577125,0.996053059,0.018153179
131,0.030267838,0.074680451,0.001879376,0.99646472,0.022417995
809,0.027429942,0.077257715,0.001973377,0.996358117,0.026100387
1250,0.028860178,0.078772472,0.001680216,0.996269158,0.021914908
763,0.026767631,0.080204483,0.002657081,0.996208563,0.015502639
653,0.02736531,0.082293513,0.001481876,0.996117036,0.01420482
215,0.028583573,0.080113128,0.001681387,0.996172135,0.018416155
135,0.030030685,0.074582786,0.001580562,0.996544568,0.020271916
383,0.024901196,0.090746651,0.001476355,0.995555724,0.020520441
724,0.027179615,0.078969137,0.003261554,0.996355276,0.01546947
1350,0.027747179,0.081962413,0.001574308,0.996045024,0.021258494
298,0.026877194,0.083200726,0.001679825,0.996136005,0.017330233
1413,0.027189156,0.083833231,0.001871717,0.995950601,0.005279198
701,0.024678942,0.095162,0.001776884,0.995153649,0.00213278
1377,0.026614987,0.084379368,0.00147861,0.995991976,0.023195691
636,0.027332705,0.080912699,0.001874806,0.996114268,0.015620898
679,0.025866536,0.088163423,0.002566908,0.995664189,0.008906261
1070,0.026358848,0.088850048,0.001777001,0.995614154,0.011270718
195,0.027165452,0.085052561,0.001975669,0.995836081,0.00867452
330,0.02626832,0.090260317,0.001580049,0.995529818,0.006964385
1425,0.024525948,0.093769891,0.00177296,0.995123117,0.018267899
1223,0.028763205,0.079667159,0.001976853,0.996136012,0.018307461
1324,0.027518059,0.0800884,0.002367145,0.996173445,0.020680024
1228,0.028037485,0.08203926,0.0016783,0.996120502,0.021681621
335,0.024826873,0.092805215,0.002364464,0.995340856,0.005016427
1213,0.028819393,0.075009378,0.002270021,0.996539068,0.018095178
948,0.02826226,0.079450548,0.001482286,0.99619524,0.018391332
1216,0.028827519,0.076017773,0.001974488,0.996425177,0.022742397
520,0.027824781,0.082092971,0.00177605,0.995969293,0.009080099
58,0.02798007,0.075497102,0.003534325,0.996581386,0.018175306
341,0.026745573,0.084381788,0.002664688,0.995902488,0.00291191
830,0.028322738,0.075889149,0.003157936,0.996526176,0.009874684
239,0.02693312,0.08158861,0.00128253,0.996130832,0.021965338
1208,0.029362963,0.073357975,0.001878439,0.996561165,0.016742083
823,0.027519713,0.076147736,0.001479554,0.996529239,0.020894132
1224,0.027056334,0.087192491,0.002172406,0.995653324,0.014079132
584,0.028522387,0.079349477,0.001776481,0.996210977,0.023119752
27,0.028761184,0.077615799,0.002757922,0.996397739,0.018221314
976,0.028127442,0.069479715,0.002467319,0.996895743,0.017840906
571,0.027577794,0.08500682,0.001284987,0.99596362,0.015081762
126,0.029436968,0.079124199,0.001876854,0.996214165,0.020975546
1125,0.027341802,0.076517705,0.002360443,0.996598856,0.018204924
1247,0.029260679,0.077698965,0.001680512,0.996345884,0.024146585
404,0.026616333,0.080144735,0.00197158,0.996239473,0.021346832
816,0.028084101,0.074398233,0.002364977,0.996542155,0.024366421
736,0.026765571,0.082765862,0.001185191,0.996054555,0.016811476
1060,0.027301589,0.080919149,0.002365481,0.996163022,0.020374917
534,0.028255527,0.077356914,0.001975911,0.9963531,0.019657282
90,0.027559207,0.075197264,0.001771663,0.99646218,0.024956721
685,0.026751577,0.084203304,0.001678143,0.995928643,0.022344068
831,0.026437715,0.087599592,0.001479723,0.995754819,0.018496728
262,0.026971656,0.084076481,0.001778351,0.995876527,0.017784866
766,0.026721394,0.070045418,0.003733136,0.996943756,0.021027048
1370,0.027082906,0.079869951,0.002068149,0.996158518,0.020703462
401,0.026331003,0.083233581,0.002169596,0.995943056,0.02483791
148,0.027923441,0.082290281,0.00167738,0.996067609,0.022287375
336,0.024441531,0.093528279,0.001675428,0.995302517,0.005524457
1285,0.027701774,0.078176181,0.001971657,0.996278045,0.023731298
819,0.027526333,0.076560696,0.001677232,0.99637431,0.024430631
78,0.027522447,0.073097251,0.001775642,0.996628237,0.020889164
900,0.027151571,0.081750913,0.001480995,0.996215835,0.013807764
810,0.028035212,0.07383922,0.001382017,0.996533319,0.024632038
1026,0.027771007,0.081441925,0.001477181,0.996014058,0.017642756
35,0.028314906,0.080801073,0.004143645,0.996151933,0.018249158
1430,0.027316224,0.085301565,0.002761207,0.995809484,0.018240352
503,0.028954611,0.076882891,0.001976424,0.996315302,0.019303968
702,0.024388735,0.095777623,0.001876057,0.995099879,0.011420735
599,0.027866566,0.079054087,0.001976352,0.996180313,0.021787313
629,0.026578304,0.079636107,0.00217369,0.996340574,0.010564374
6,0.027309394,0.081829948,0.001277058,0.996105251,0.018199981
808,0.027512921,0.076720617,0.00187364,0.9963819,0.023354918
748,0.025653157,0.081695438,0.001578656,0.996131819,0.015858811
1041,0.024158848,0.095353493,0.001281898,0.995147311,0.009212917
639,0.026623244,0.082926474,0.001774883,0.996005129,0.017946298
303,0.026242552,0.086620152,0.001183875,0.995835776,0.015389924
1265,0.027243766,0.08410032,0.002072895,0.995976798,0.014816076
216,0.028454144,0.080323678,0.001383188,0.996191448,0.018896259
864,0.028848086,0.07488647,0.001580717,0.996543298,0.021675302
350,0.027024638,0.081073913,0.001578081,0.99626228,0.009937979
1351,0.027681357,0.080581318,0.001970203,0.996134824,0.020830557
705,0.02584116,0.089161864,0.001578086,0.995575057,0.009187682
202,0.027838331,0.079368859,0.001480762,0.996256867,0.007940757
970,0.027702889,0.082319971,0.001774562,0.99602236,0.022818987
528,0.028315853,0.080902437,0.001381261,0.996086591,0.022590739
310,0.027026247,0.082952825,0.001676811,0.996025711,0.009368396
919,0.028193859,0.079932062,0.001286036,0.996281929,0.019159522
400,0.025925064,0.084675398,0.002562934,0.995897024,0.021715681
8,0.027340995,0.080941147,0.001671931,0.996176031,0.018213424
241,0.027448032,0.082739033,0.001481009,0.99592915,0.012722293
663,0.027167229,0.081304822,0.001771776,0.996131717,0.021878253
1379,0.027012867,0.081827297,0.002366091,0.996025524,0.025404773
1194,0.028613557,0.075776592,0.001874681,0.996442457,0.026723432
1375,0.027412413,0.079081854,0.002169328,0.996313027,0.010034084
496,0.026438954,0.087110433,0.002367667,0.995801488,0.02511859
890,0.027543782,0.08154539,0.001777018,0.996117412,0.020523831
926,0.028475331,0.081471086,0.001186472,0.99614222,0.022554637
525,0.02884234,0.083563765,0.001580402,0.995850917,0.021413774
867,0.028578922,0.078320091,0.001878891,0.99630671,0.006841896
275,0.028634488,0.073462273,0.001579834,0.996578932,0.008570274
1240,0.028729683,0.080067948,0.001678366,0.996159793,0.022063975
421,0.026794776,0.081270919,0.002265735,0.996135194,0.019856563
1038,0.025511279,0.090520716,0.001477487,0.995530881,0.012272948
1433,0.027788005,0.070948097,0.003645944,0.996919304,0.018234848
638,0.027004859,0.082591503,0.001675484,0.996124486,0.019622317
494,0.028063155,0.080039281,0.001679837,0.996242009,0.01913357
62,0.027309926,0.077902056,0.001768269,0.996419361,0.018217302
767,0.026541856,0.0682224,0.003538914,0.99708905,0.020744309
640,0.026568817,0.08237321,0.001975377,0.996083722,0.022723048
315,0.024709206,0.093816228,0.001476646,0.995259252,0.009423628
1000,0.027430449,0.079824581,0.001776072,0.99617919,0.020439699
1280,0.027425011,0.082176382,0.001479767,0.996178998,0.020152346
495,0.027728381,0.080915561,0.00197355,0.996149497,0.00930296
1122,0.025459536,0.076083711,0.001965987,0.996558997,0.021113418
612,0.028042242,0.078696011,0.001876065,0.996289519,0.022162915
1363,0.027160476,0.08777951,0.001672928,0.995588909,0.019803983
460,0.026150017,0.085160245,0.001085472,0.995970281,0.006793847
559,0.026732497,0.083058163,0.00177559,0.996106098,0.016784116
154,0.027806995,0.078885091,0.002267946,0.99622009,0.012123426
1147,0.027020622,0.082044434,0.001375595,0.996127515,0.022283088
1006,0.028220798,0.078939295,0.00167746,0.996213898,0.021815606
793,0.028037553,0.077596891,0.001678304,0.996320381,0.02404569
1271,0.027930247,0.083790741,0.001875176,0.995915623,0.021495922
188,0.02716193,0.08602924,0.001876642,0.995706963,0.015295835
189,0.02703909,0.084867216,0.001381559,0.995906909,0.020218155
1409,0.026332054,0.082349308,0.00207106,0.99618007,0.018921748
1201,0.029301791,0.077250175,0.002269162,0.996260878,0.026296717
242,0.026233566,0.08688636,0.001282092,0.995790671,0.0237018
1295,0.028389269,0.078639265,0.001879429,0.996394113,0.014405918
527,0.028403449,0.0786026,0.001873839,0.996290416,0.021508209
1331,0.027705944,0.080061304,0.001774758,0.996230808,0.0186485
1389,0.027538544,0.084392312,0.001283158,0.995927983,0.014826015
351,0.025706765,0.087659083,0.001674387,0.995767784,0.009936255
41,0.027585218,0.080292689,0.002068891,0.996220455,0.018238537
1080,0.025178333,0.091959928,0.002360469,0.99542934,0.006800588
443,0.027680213,0.075061646,0.001576098,0.996487677,0.023597482
99,0.029087129,0.076218138,0.001774808,0.99635742,0.023763149
498,0.028260049,0.077566918,0.001976227,0.996314946,0.016706577
1119,0.027539862,0.07366913,0.003147413,0.996746277,0.017743491
1129,0.027442693,0.078688725,0.002459023,0.996395986,0.022278758
1173,0.028202284,0.070012664,0.001873578,0.996842276,0.025598336
1168,0.027930603,0.075235604,0.001868597,0.99645378,0.023383415
674,0.026018065,0.089925556,0.00148392,0.995512513,0.007470426
1418,0.027206025,0.082998091,0.002168596,0.99597709,0.013193128
208,0.027353027,0.080281627,0.001579958,0.996163662,0.020763608
83,0.028165585,0.076913714,0.00187114,0.996332967,0.025998037
852,0.027202827,0.080327189,0.001971219,0.99615571,0.024814867
250,0.026823038,0.084808134,0.001183369,0.996002508,0.016733269
898,0.027956937,0.080808389,0.001284241,0.996274577,0.009525622
76,0.027589647,0.077842217,0.001675086,0.996281849,0.025203283
228,0.027665829,0.085665264,0.001383291,0.995871043,0.021021874
1024,0.026873559,0.081703496,0.001476569,0.996093583,0.015173972
754,0.027094429,0.080096671,0.003065428,0.996264144,0.012612088
1313,0.029058118,0.077389479,0.002174417,0.996377183,0.012696835
537,0.026646612,0.08023591,0.002269897,0.99628722,0.015690166
1043,0.026853633,0.082930336,0.001480899,0.995953844,0.011716436
491,0.029058025,0.07535386,0.001970036,0.996443986,0.02424428
1403,0.026791453,0.083132302,0.001575968,0.996011655,0.013351348
895,0.029145062,0.073406038,0.001679546,0.996662324,0.015337009
801,0.027980936,0.07192283,0.003546879,0.996771599,0.023170948
1051,0.027397279,0.084261416,0.001379719,0.99596008,0.017753222
439,0.02711951,0.081259914,0.00138063,0.996025646,0.021605171
419,0.026885293,0.08173917,0.001575695,0.9960361,0.021636049
1238,0.028106798,0.076825247,0.002071027,0.996361325,0.016009765
1128,0.026172059,0.084911605,0.001574259,0.996014116,0.015619712
1022,0.026111357,0.083260744,0.001872135,0.996074386,0.018966865
323,0.027290919,0.083751478,0.001582082,0.995920768,0.020677283
1121,0.026849745,0.06737024,0.003147223,0.997177896,0.020721507
707,0.026292022,0.086655352,0.002363328,0.995847249,0.007060679
720,0.025994364,0.071386038,0.004135467,0.997041402,0.007205954
614,0.027048008,0.082131177,0.001875592,0.996136663,0.023350294
659,0.027298515,0.08110714,0.002069563,0.99624797,0.009237859
902,0.027792827,0.079929018,0.001576898,0.996205315,0.019278847
799,0.027000584,0.07912945,0.002463557,0.996360979,0.022673073
200,0.027761932,0.077654373,0.001975938,0.996366854,0.018463964
349,0.027351824,0.078599465,0.001382403,0.996317333,0.012476703
1251,0.028975939,0.077137311,0.001681198,0.996356934,0.015472178
824,0.027549446,0.075835034,0.001382409,0.996519744,0.024351638
872,0.029064651,0.076418283,0.00148289,0.996403455,0.019889858
1165,0.027767013,0.076506982,0.002067756,0.996363126,0.024067764
1378,0.027688993,0.080307935,0.001675135,0.996114004,0.022408849
592,0.026427083,0.082929764,0.002070779,0.996044642,0.018269947
1004,0.028527935,0.077588087,0.001678114,0.99630606,0.022970818
826,0.027363156,0.074680671,0.001876895,0.996532547,0.024553588
1174,0.028201557,0.07277185,0.00187353,0.996619358,0.026130183
596,0.027044295,0.082909519,0.001283124,0.996098648,0.012966634
765,0.026551807,0.075131779,0.002950201,0.996676147,0.021652188
355,0.025050153,0.088464518,0.002761434,0.995694286,0.012125073
737,0.026243267,0.085339947,0.001677201,0.995862915,0.018334475
1085,0.026382883,0.08544904,0.001771985,0.995756957,0.018235375
452,0.027271143,0.082010333,0.002165939,0.996036663,0.014147465
1167,0.028340759,0.076362599,0.00236173,0.996354791,0.025216221
211,0.028426567,0.078666576,0.001579254,0.996212986,0.015689945
180,0.028712802,0.081500944,0.001381372,0.996067832,0.021356476
940,0.026562078,0.082451059,0.001876132,0.99612728,0.021826238
395,0.025817147,0.076958747,0.001773697,0.99652216,0.020664023
244,0.027792502,0.080420857,0.001872544,0.996095098,0.017746555
772,0.024287943,0.075322123,0.001376645,0.996592317,0.023366171
274,0.028238061,0.076815425,0.002073424,0.996329627,0.0247244
205,0.02734569,0.081444746,0.002073139,0.996093921,0.017254394
1135,0.02715652,0.078517764,0.001869471,0.996231028,0.022613705
286,0.027701106,0.077266298,0.002671178,0.99634941,0.016821046
392,0.026267998,0.084215005,0.004033663,0.996019519,0.012761499
643,0.026948879,0.082722199,0.001480708,0.996121371,0.024500949
220,0.027715924,0.081865541,0.001479498,0.996096507,0.021869332
1189,0.026770083,0.084542283,0.00167313,0.995906128,0.026194069
777,0.025692482,0.078455588,0.001870334,0.996297372,0.023515009
428,0.027052268,0.074541833,0.003060658,0.996589754,0.024465891
34,0.026794199,0.086490097,0.003349275,0.995719701,0.01826496
85,0.028795701,0.07223495,0.00255525,0.996744034,0.024923061
234,0.028766672,0.080665308,0.001186255,0.996157237,0.017497261
156,0.029086335,0.076807645,0.001676162,0.996330231,0.022908702
331,0.025450586,0.090655381,0.000986457,0.995532216,0.014367836
1427,0.02813103,0.082320278,0.003257277,0.996035883,0.018264795
708,0.026095956,0.084196385,0.003052734,0.996077707,0.016151806
623,0.026402591,0.083855419,0.002076608,0.995980878,0.020725304
363,0.025610383,0.083923254,0.001970029,0.996046878,0.021127602
782,0.027055694,0.078007294,0.001579895,0.996321011,0.019942936
992,0.02563276,0.088334436,0.000985875,0.995734156,0.022306976
1327,0.02794031,0.079180668,0.002073309,0.996175733,0.019955833
916,0.027962106,0.077068701,0.001383284,0.996458781,0.01971946
509,0.027169164,0.086842527,0.001481954,0.995774554,0.016947563
67,0.028010078,0.076238699,0.001578033,0.996527575,0.012082299
1299,0.028345853,0.077432575,0.001975321,0.996351806,0.022830671
761,0.026495586,0.082244663,0.001674442,0.996096139,0.0227946
735,0.027060123,0.081476648,0.001975191,0.996187818,0.017530955
597,0.027651619,0.082164812,0.001481337,0.996149589,0.021147713
471,0.028520502,0.076482316,0.001677677,0.996342537,0.025152875
693,0.024750708,0.093875194,0.001972168,0.995254555,0.009505972
393,0.026487988,0.076903787,0.003643329,0.996598246,0.015717626
1328,0.027732884,0.079941765,0.001579097,0.996212564,0.013879637
861,0.028910607,0.07686472,0.001677407,0.996379906,0.019815162
347,0.026966518,0.072207049,0.002963354,0.996872148,0.02082948
776,0.02663069,0.073504635,0.002358437,0.996636379,0.023930431
329,0.027068085,0.085748532,0.001876984,0.995789406,0.008996406
134,0.029515571,0.075417712,0.001776857,0.99642197,0.020784395
1142,0.026632905,0.074984896,0.001965528,0.996522729,0.024018233
9,0.027644734,0.079392529,0.001377318,0.996292612,0.018211339
1117,0.026540191,0.079522275,0.002064237,0.996240115,0.016930272
10,0.026657884,0.083514922,0.001770634,0.995981841,0.01822903
625,0.027592704,0.080511568,0.001379635,0.996195157,0.021040729
628,0.025667054,0.083911523,0.003159022,0.996079141,0.0158877
925,0.028198845,0.08024303,0.001385206,0.996260254,0.015839403
664,0.027581769,0.079691611,0.002561164,0.996194396,0.016786341
284,0.027669796,0.077475429,0.001976414,0.996409122,0.022079942
1065,0.027091423,0.085707412,0.002462857,0.995880719,0.018248319
370,0.024882045,0.093702621,0.000789906,0.995281795,0.012884609
709,0.026575184,0.080414538,0.002066959,0.996274113,0.013871327
634,0.027636802,0.078468776,0.001776652,0.9963067,0.006485927
125,0.030129499,0.073792575,0.001778134,0.996545512,0.020655268
407,0.027049479,0.073771306,0.002754129,0.996699531,0.014282421
561,0.026842437,0.08358656,0.001381596,0.996032049,0.006954833
1435,0.027560688,0.0697876,0.003641948,0.997007904,0.018220631
620,0.025639206,0.085989951,0.001873634,0.995885909,0.017778885
541,0.026661211,0.084229678,0.001678669,0.996043102,0.013614305
139,0.02866131,0.076496047,0.001976642,0.99652409,0.013751625
260,0.026160978,0.084702336,0.001579531,0.995992856,0.021896093
473,0.02879708,0.077515428,0.001676542,0.996260634,0.023253567
165,0.028627974,0.073149409,0.001974343,0.996648357,0.018113675
226,0.028253815,0.082588075,0.001481843,0.995996374,0.015087447
1394,0.027127764,0.081777877,0.002367514,0.996131482,0.003569558
191,0.028051938,0.079908513,0.001185293,0.996238886,0.021846472
306,0.027128004,0.083061017,0.002268888,0.996041673,0.008393734
613,0.027839386,0.077002556,0.002171867,0.996393328,0.015202165
1118,0.026349088,0.080620342,0.001769715,0.996251133,0.017359948
1445,0.026997472,0.082470379,0.004828015,0.996049053,0.018248439
482,0.02871091,0.076957077,0.00167727,0.996298164,0.024488841
1178,0.028524014,0.076393035,0.001776582,0.996366526,0.023748852
1454,0.026472096,0.082171746,0.001574548,0.996098703,0.018229321
1097,0.027777036,0.072397593,0.005023506,0.996821274,0.005418116
320,0.024543711,0.093049249,0.001774244,0.995350975,0.012953925
1346,0.026800825,0.085230566,0.001675052,0.995867432,0.020041615
1256,0.02765858,0.084852572,0.001679271,0.995807658,0.02132371
17,0.028213582,0.082075875,0.001677031,0.996057823,0.018243978
859,0.028226854,0.078067977,0.001776515,0.996427682,0.020044868
430,0.026250264,0.079540275,0.001677648,0.996227138,0.018262098
1423,0.027003009,0.081304679,0.00177392,0.996154785,0.018235932
996,0.026689336,0.082727093,0.001575754,0.995975109,0.023637612
1422,0.026189138,0.084868561,0.003052118,0.995876449,0.018245135
877,0.026845564,0.082510631,0.001480454,0.996148089,0.007629293
1017,0.027059967,0.080687902,0.002459997,0.996101992,0.012772343
207,0.02684181,0.082499093,0.002171029,0.996008783,0.021497307
237,0.027594872,0.084367118,0.00217594,0.995888051,0.018281871
851,0.026913901,0.079953016,0.001478786,0.996208664,0.021850967
345,0.025962444,0.083711608,0.002566629,0.996049676,0.015016868
1268,0.0283936,0.078057666,0.00247331,0.996348237,0.008502847
711,0.026185708,0.080230648,0.002165735,0.996336674,0.015016161
340,0.026831395,0.087399322,0.001972897,0.995720944,0.018317263
1388,0.026621599,0.087654078,0.001380379,0.995746386,0.015664398
457,0.025993878,0.088812415,0.001575387,0.995644281,0.014910493
175,0.02605736,0.088140995,0.001579234,0.995707009,0.021905552
549,0.027628206,0.07933242,0.001776099,0.996292843,0.020924477
300,0.027298249,0.082781693,0.001872443,0.99604116,0.009971552
459,0.025524098,0.08760974,0.001576778,0.995735449,0.010292252
1397,0.02554567,0.088670105,0.001479479,0.995689334,0.020619764
931,0.027954227,0.081096892,0.002074342,0.996079241,0.018358189
1257,0.028826497,0.078186936,0.00227058,0.996291112,0.016210803
1243,0.027781007,0.084035074,0.002175025,0.995865058,0.021771153
700,0.026081117,0.088616522,0.00187705,0.995626883,0.001095745
1053,0.027375855,0.080256554,0.001772537,0.996166013,0.020460603
1293,0.026999002,0.082678264,0.002076846,0.99609506,0.019574933
661,0.0261243,0.084484999,0.00216881,0.995878022,0.020560212
463,0.027531266,0.084962078,0.001480176,0.995763444,0.024350285
1282,0.0279412,0.080960367,0.002172107,0.996108706,0.020877217
326,0.026972707,0.08516657,0.001185614,0.995915347,0.016824597
671,0.027307651,0.081032486,0.003265045,0.99623456,0.016687012
1087,0.027003828,0.083672444,0.001379758,0.995889335,0.022293396
649,0.027396797,0.083871783,0.001582486,0.995878519,0.018065784
1210,0.029055271,0.078468998,0.001581239,0.996279553,0.021628624
59,0.028077748,0.07441585,0.002945218,0.996661881,0.018194143
13,0.027482762,0.085600429,0.001576072,0.99578221,0.018248801
1452,0.026388316,0.080248051,0.001673886,0.996257401,0.018225686
1229,0.028829842,0.080368121,0.001875914,0.996110533,0.020428067
943,0.027205906,0.079054844,0.002267159,0.996268467,0.019716197
759,0.026426061,0.084011209,0.001479071,0.995907521,0.021914616
1057,0.027352358,0.082253854,0.001475847,0.995999717,0.02327917
980,0.026552714,0.085284555,0.001776762,0.995874852,0.020876742
994,0.027598745,0.080923462,0.00226704,0.996018979,0.00862437
322,0.0256816,0.0898856,0.001777957,0.995557106,0.019499164
1451,0.027196292,0.075479565,0.00256197,0.996606162,0.018228981
441,0.027624329,0.078630679,0.001677191,0.996251687,0.024455247
1412,0.02600754,0.087184368,0.001576215,0.995773546,0.017653249
698,0.024204012,0.095432961,0.002173421,0.995130655,0.006020174
554,0.026810091,0.08131737,0.001872764,0.99621171,0.016059785
256,0.027253639,0.080279741,0.001086196,0.996238996,0.015034575
560,0.026428573,0.084808106,0.001873667,0.995903559,0.014526495
1158,0.026056114,0.073233473,0.001875251,0.996646375,0.026167589
1407,0.025998436,0.083411649,0.001575663,0.996114322,0.011650659
812,0.027645507,0.074840336,0.002073413,0.996521784,0.012316829
72,0.02834628,0.078050696,0.001870067,0.996352071,0.024838377
257,0.02722797,0.083854255,0.001578433,0.995991251,0.020477396
1090,0.027427546,0.081394696,0.002071865,0.99607376,0.018320364
2,0.026615649,0.084757584,0.002455318,0.995877065,0.018185813
1325,0.027586502,0.079114147,0.002167511,0.996266819,0.022021253
1148,0.027152901,0.082147365,0.001475701,0.995999908,0.025534813
1386,0.026626477,0.087078443,0.002070948,0.995830252,0.017189455
367,0.026649497,0.083797864,0.003948074,0.996000286,0.014519453
1101,0.02684657,0.0860467,0.001868443,0.995781585,0.012793311
845,0.028154787,0.077450362,0.001778197,0.996383107,0.022053172
479,0.02869948,0.074559473,0.001775226,0.996493273,0.022056869
936,0.027332768,0.080616865,0.002072159,0.996215265,0.021817199
647,0.028216712,0.077719716,0.00247515,0.996297453,0.024946312
585,0.027704266,0.080845189,0.001676059,0.996071883,0.022052877
117,0.029840223,0.073217236,0.001778556,0.996584397,0.02313369
1094,0.027157399,0.080783424,0.002656702,0.996164897,0.017023173
5,0.027522321,0.082861844,0.001769292,0.99601313,0.018186653
1355,0.026137963,0.087981369,0.001676775,0.995708429,0.017182485
930,0.028394526,0.081720832,0.00158297,0.99618288,0.021533645
1126,0.027435165,0.076602127,0.001971326,0.996515991,0.021631763
927,0.028786839,0.078248762,0.00128601,0.996262056,0.022185309
1102,0.027653234,0.081483551,0.002657072,0.9962053,0.018851609
445,0.028099033,0.074930754,0.001676083,0.99648044,0.023395808
136,0.030047111,0.074030547,0.001779105,0.996595471,0.023881082
11,0.027176101,0.079952877,0.001575426,0.996260115,0.018241749
1029,0.027162956,0.081587284,0.00226358,0.995975046,0.0222219
332,0.02591729,0.088887435,0.002167986,0.995598404,0.000737725
604,0.026406793,0.084066569,0.002076939,0.995941592,0.022314032
568,0.027918852,0.080796961,0.001578451,0.996199893,0.019781994
860,0.028804634,0.076845239,0.00197292,0.99642331,0.021914832
750,0.026167223,0.082648928,0.00256735,0.996131885,0.005597314
1399,0.027066577,0.082286344,0.001778096,0.996030262,0.018078355
54,0.027527258,0.074323595,0.003047661,0.996683348,0.018181808
827,0.027522905,0.074380897,0.001677023,0.996546176,0.022936311
233,0.028673046,0.077417223,0.001384216,0.996437776,0.018301308
84,0.02822026,0.073451338,0.00186824,0.996558643,0.021159435
641,0.027552067,0.077916059,0.001876306,0.996318279,0.016328949
1156,0.027213243,0.074639222,0.002169172,0.996537144,0.025432503
64,0.028262967,0.076615291,0.002068022,0.996491164,0.018229913
1387,0.027006368,0.084764513,0.002069831,0.995884467,0.009761253
187,0.025858462,0.088037207,0.001579143,0.995649486,0.020623313
768,0.026274813,0.068786869,0.002952226,0.997065173,0.017112791
151,0.028804878,0.076944538,0.00187429,0.996333126,0.018770555
1123,0.027744566,0.071329115,0.003640244,0.996836681,0.013689351
1254,0.027327338,0.083165871,0.001677129,0.996017358,0.019471567
388,0.026863161,0.079211885,0.004723193,0.996396959,0.010902201
137,0.030345581,0.074628382,0.00177922,0.99646188,0.019305022
172,0.027362791,0.081594461,0.00187687,0.996124145,0.010253902
530,0.028984826,0.079166037,0.001281642,0.996230145,0.018730462
778,0.026226383,0.078284769,0.001873313,0.996306784,0.024560396
455,0.026577294,0.085342642,0.001673385,0.995861031,0.022808194
1143,0.02666506,0.074878636,0.001771111,0.996545108,0.021500965
594,0.026077877,0.087420157,0.001481698,0.995700769,0.02048421
982,0.026127732,0.084594696,0.001577523,0.995910286,0.019974354
1455,0.026290344,0.080052619,0.001476986,0.996276019,0.018229552
374,0.026973592,0.086157408,0.001778479,0.995750409,0.014795384
1322,0.027893103,0.079539696,0.001576995,0.996266721,0.019377941
1237,0.028902786,0.078619524,0.001676953,0.996209003,0.023826675
160,0.028487082,0.074224128,0.001675711,0.996555025,0.023289786
50,0.027708518,0.073791125,0.0020634,0.996720597,0.018189843
1124,0.027457433,0.073318235,0.002755585,0.996832751,0.013513538
1036,0.02523094,0.091954951,0.001675492,0.995439449,0.017867258
670,0.026369568,0.081676527,0.002567823,0.996117842,0.01393086
32,0.027582929,0.080089004,0.002364251,0.996236284,0.01824278
238,0.026761129,0.085714612,0.001979658,0.995790491,0.018428963
697,0.026480535,0.08744505,0.004051127,0.995786683,0.004119622
354,0.025158794,0.09215025,0.001775915,0.995400297,0.011479677
164,0.027606853,0.080257064,0.002070514,0.996212997,0.022754303
486,0.02760904,0.080953649,0.001479056,0.996291928,0.023862373
1154,0.02791886,0.073792604,0.002071717,0.996693422,0.024834283
1030,0.027863526,0.080735305,0.001870696,0.996096442,0.010377738
807,0.027398391,0.075986186,0.001773997,0.996394738,0.024012173
295,0.025137309,0.089508535,0.001084354,0.99563458,0.019128997
962,0.028127689,0.081126177,0.00217126,0.996114968,0.017641157
474,0.028204072,0.080075896,0.001873697,0.99611653,0.025265382
729,0.027405552,0.08261098,0.004041826,0.996063655,0.016450024
472,0.028407953,0.077727315,0.00157822,0.99625112,0.024980481
968,0.028351214,0.080707113,0.001382986,0.996046295,0.020512687
757,0.025669322,0.087275695,0.00217202,0.995772241,0.014616831
764,0.02685419,0.076824625,0.003541212,0.996556048,0.016678468
866,0.029074582,0.077334434,0.001483397,0.996348361,0.020460135
97,0.027603744,0.076501804,0.001774526,0.996396557,0.024988654
1045,0.027693063,0.083473396,0.00216814,0.995866193,0.002079456
576,0.027844699,0.080769375,0.001678581,0.9960898,0.014542571
893,0.028814097,0.076574449,0.00187489,0.996553304,0.011750704
941,0.026641429,0.083673822,0.001874767,0.995896092,0.018885895
550,0.028228304,0.07609798,0.002072708,0.996478866,0.018248175
308,0.025260423,0.0887075,0.001973471,0.995714557,0.017442478
790,0.027442733,0.075714303,0.002369157,0.996427873,0.021987572
779,0.026226678,0.07907442,0.001774738,0.996219371,0.023375821
672,0.026821946,0.085018642,0.002177427,0.995876105,0.010330999
880,0.028938648,0.076050371,0.001777801,0.99645739,0.011540098
433,0.026436598,0.076153185,0.001775592,0.996501908,0.02508941
582,0.027590257,0.082671881,0.001384457,0.99611705,0.018890391
1424,0.027186391,0.082544186,0.002561037,0.996046309,0.01823526
1330,0.027104513,0.083284775,0.001872675,0.995967636,0.018536361
1448,0.026581777,0.085258588,0.003248884,0.995832123,0.018228444
804,0.027309998,0.077887719,0.001676065,0.996272662,0.020663158
448,0.028400702,0.074551842,0.001577817,0.996489905,0.023586341
1084,0.024868553,0.090922574,0.001965893,0.99552846,0.021618213
567,0.027530279,0.082393487,0.001776147,0.996122456,0.016603332
619,0.026601563,0.085223525,0.001970486,0.99588369,0.012494182
1157,0.026646394,0.074017762,0.001579046,0.996575153,0.025503409
492,0.028777764,0.074901029,0.001675418,0.996479345,0.022221758
385,0.026610416,0.083970645,0.00374517,0.996017999,0.010621175
281,0.026012779,0.0826694,0.001970665,0.996171193,0.013175409
1195,0.028026051,0.07401246,0.001677616,0.996503758,0.025726496
483,0.028810401,0.07419665,0.002170647,0.996524161,0.024995552
282,0.026626949,0.082543541,0.001282038,0.996143732,0.022875277
437,0.027608703,0.075529523,0.00197205,0.996476967,0.022896574
950,0.026087285,0.08626591,0.001383417,0.995862359,0.013313807
548,0.028325446,0.08162071,0.001677814,0.996127968,0.018451695
1362,0.026988942,0.082444324,0.001083498,0.996029872,0.018894244
1298,0.028831957,0.080374018,0.001579833,0.996084883,0.021906308
857,0.028800303,0.074959693,0.001775361,0.996470758,0.022038819
1048,0.02625461,0.086758655,0.001381822,0.995799847,0.014676894
922,0.025764377,0.089533677,0.000690999,0.995630278,0.01788875
673,0.026322277,0.088268688,0.001187471,0.99569455,0.013750993
1398,0.026848136,0.083308188,0.001579302,0.995947416,0.020418472
686,0.027744954,0.081260133,0.002172203,0.99605373,0.021815447
1226,0.028200161,0.083713065,0.001577631,0.995978413,0.012584211
1381,0.027923974,0.078641014,0.00226944,0.996185291,0.023928428
121,0.029521184,0.074247259,0.001875928,0.996512744,0.02288154
1159,0.02553657,0.076215322,0.001774742,0.996419197,0.024997802
699,0.024614504,0.093910756,0.001878215,0.995256312,0.013801258
1185,0.027194055,0.083749808,0.001674996,0.996031538,0.023732942
16,0.028010495,0.083439713,0.001479428,0.995950616,0.018263234
1442,0.027383594,0.072202066,0.003349073,0.996841627,0.018222606
909,0.027441864,0.079857799,0.001579388,0.99629761,0.021896207
1302,0.026115648,0.086822212,0.001084046,0.995843874,0.021583372
990,0.026776166,0.086849632,0.001580881,0.995757211,0.017184309
1058,0.026981779,0.079960601,0.001674052,0.996159407,0.02122846
293,0.026792884,0.086706123,0.001977335,0.995785716,0.01995424
1138,0.026607959,0.072852787,0.00157095,0.996669328,0.015950813
1007,0.028330674,0.077983388,0.001678124,0.996311812,0.014002766
106,0.02980473,0.078459471,0.001480367,0.996188557,0.022170966
726,0.025644163,0.081469534,0.002761679,0.996177105,0.005213498
23,0.028904177,0.072162129,0.003735914,0.996800851,0.018191483
710,0.026482518,0.080628932,0.001870512,0.996294002,0.013634288
69,0.027868959,0.077501311,0.00157563,0.996290679,0.026448238
1447,0.026207505,0.086997092,0.004138027,0.995688126,0.018226603
425,0.026912327,0.078075323,0.003943198,0.996446163,0.015954338
978,0.025820158,0.08435899,0.001478253,0.995948548,0.021038728
1283,0.027921797,0.079720184,0.001479954,0.996206312,0.021950132
103,0.02944366,0.076968495,0.001976085,0.996341854,0.02294691
555,0.025912414,0.083944397,0.001871999,0.996002241,0.019917944
1244,0.028968882,0.078997054,0.002372878,0.996213158,0.023186479
1083,0.02545117,0.089816099,0.001277472,0.995543653,0.005819045
1253,0.026031194,0.088742705,0.001873457,0.995594549,0.016830483
1367,0.027762702,0.080334628,0.002067435,0.996110003,0.023475433
74,0.027380006,0.075836708,0.001575828,0.996415546,0.024332307
507,0.028264196,0.083606677,0.001383562,0.995967014,0.015044797
1317,0.028384584,0.079911999,0.001582416,0.996328565,0.011807628
218,0.028032758,0.078570689,0.001381897,0.996446107,0.007989994
1289,0.026813649,0.078469357,0.002168751,0.996343953,0.02230267
1047,0.026355935,0.087162139,0.001381959,0.995701575,0.01282133
265,0.024848336,0.087758011,0.001479068,0.995806908,0.02499624
1291,0.026868366,0.081197781,0.002074396,0.996105143,0.024557679
815,0.028161611,0.074835049,0.002658614,0.996586231,0.0239651
434,0.026145079,0.075672739,0.001578571,0.99647283,0.023309218
110,0.029778152,0.074248173,0.001676254,0.996483446,0.025036985
510,0.02796595,0.083107292,0.001482294,0.996002845,0.015579904
40,0.026774166,0.08012563,0.00265773,0.996254921,0.01823912
1008,0.027315256,0.085397153,0.001577776,0.995872801,0.017022493
276,0.026856157,0.0842217,0.00118483,0.996047488,0.021300393
339,0.026546721,0.088324593,0.001381614,0.995650077,0.013317052
1450,0.027303966,0.078757648,0.002957108,0.996348316,0.018242574
798,0.02832005,0.071342845,0.002466903,0.996727625,0.016377727
185,0.029610608,0.080343448,0.00148053,0.996100837,0.0179526
1059,0.027299366,0.07766029,0.002168181,0.996377577,0.018982982
744,0.025210758,0.079079057,0.003249824,0.996514299,0.005899422
918,0.028285517,0.077142318,0.001186805,0.996520508,0.015382965
1113,0.026102188,0.084511991,0.002560969,0.996020104,0.018479444
951,0.026647352,0.085172832,0.001184327,0.995920101,0.015692303
61,0.027608904,0.074475264,0.002456308,0.996671601,0.018187007
870,0.029180897,0.076068168,0.001780529,0.996403969,0.01747323
578,0.028501191,0.081164292,0.001479301,0.996062393,0.015783462
797,0.027719072,0.080395173,0.002367465,0.996110993,0.02522162
655,0.02745448,0.082560955,0.0013826,0.996064343,0.022251399
952,0.026926453,0.083935574,0.001282212,0.995982878,0.012914449
387,0.02634766,0.082582217,0.004718984,0.99619715,0.013215101
127,0.029456705,0.078089921,0.001581568,0.99628901,0.023516036
1311,0.028560768,0.0769856,0.001877698,0.996464446,0.018307109
251,0.026099566,0.085882345,0.001575823,0.995821545,0.021163618
1316,0.028677247,0.080395179,0.002076628,0.996089342,0.011630756
1181,0.027944635,0.078422093,0.001672742,0.996265605,0.017581884
307,0.02613795,0.086107284,0.002169943,0.995905206,0.006443381
193,0.027356646,0.082267459,0.001678928,0.996097946,0.021063061
646,0.028286887,0.078135107,0.002175914,0.996272072,0.023424821
502,0.027796044,0.082596785,0.001582693,0.996107335,0.024547185
33,0.027984907,0.078830725,0.003547383,0.996321825,0.018237166
1092,0.026441934,0.085738958,0.001479959,0.995913747,0.020107764
800,0.027984149,0.071438409,0.003744358,0.996787516,0.02186257
1301,0.026588727,0.082031146,0.002560396,0.996092492,0.008583672
57,0.027903109,0.077126552,0.004323017,0.996455401,0.018175629
935,0.02863135,0.078884305,0.001184746,0.99627224,0.017455475
358,0.024744916,0.0933603,0.001971706,0.995317411,0.017911602
45,0.027942228,0.080678265,0.002066151,0.996179801,0.018190155
1274,0.027852673,0.080594969,0.001975367,0.996177516,0.017435389
1108,0.026186676,0.085943488,0.002067369,0.995881243,0.005544144
828,0.027215916,0.075139593,0.001577734,0.996536388,0.021945369
68,0.027419421,0.078411653,0.001775358,0.996469093,0.02488511
318,0.025829322,0.087149315,0.001183022,0.995809079,0.015999623
291,0.026682964,0.08854791,0.00118591,0.995669864,0.012316066
46,0.028100686,0.072708069,0.002456354,0.996788329,0.018187535
277,0.027478001,0.076997709,0.001680309,0.996423495,0.018632267
1342,0.02763477,0.081127789,0.002072608,0.996134758,0.020739516
297,0.027464309,0.08130621,0.001778265,0.996124563,0.008092802
224,0.027722681,0.080997583,0.001479858,0.996142022,0.021413534
1106,0.02816012,0.076800327,0.002855397,0.996435016,0.02185422
1272,0.028595493,0.079278539,0.002267918,0.996207806,0.016339562
1081,0.025059972,0.091984838,0.00088447,0.995421397,0.000609651
364,0.026421826,0.077195112,0.002760489,0.996438059,0.008195435
427,0.026842923,0.077272092,0.003947489,0.996543526,0.022609377
840,0.027137219,0.083779997,0.001381531,0.99598529,0.02487363
366,0.024547848,0.092276248,0.004337772,0.99542017,0.015348136
0,0.028398063,0.073893922,0.00491316,0.996683579,0.018186275
773,0.02444612,0.073829246,0.002258075,0.996694814,0.019760487
842,0.028243563,0.077225407,0.001678813,0.996326252,0.024634373
1028,0.026190106,0.083099435,0.002166099,0.99611017,0.025184784
66,0.028372079,0.076841047,0.001970283,0.996470753,0.018259189
984,0.026568243,0.081967949,0.002066419,0.996112304,0.021307945
31,0.02847538,0.074587761,0.002266207,0.996638317,0.018237607
853,0.027889624,0.078150076,0.001675348,0.99624101,0.02513241
1315,0.027874234,0.083820392,0.001383827,0.996059064,0.022714357
28,0.028247244,0.079919032,0.002165294,0.99623207,0.018230922
294,0.026671509,0.084854913,0.001580534,0.995835129,0.008181948
1200,0.028909796,0.079427938,0.00226937,0.996154614,0.025158103
113,0.029733048,0.074480791,0.001778056,0.996501614,0.023912229
245,0.028015685,0.080101183,0.001479702,0.996233804,0.023745872
415,0.025877683,0.082651154,0.00324701,0.996143195,0.019993547
769,0.025698725,0.070499184,0.002067713,0.997031754,0.023412402
161,0.029383388,0.073754275,0.001577632,0.996570128,0.019079529
678,0.026964857,0.084845467,0.001481586,0.995823052,0.014295704
411,0.026311316,0.073730592,0.00539971,0.996786553,0.011107744
1141,0.027913376,0.070962878,0.002457163,0.996822041,0.024628067
38,0.027272299,0.067639239,0.00413515,0.997161879,0.018229668
1290,0.027236889,0.078158028,0.001875003,0.996317494,0.021336643
1353,0.026040286,0.083348643,0.002170024,0.99604094,0.016855429
1,0.028291159,0.07416606,0.003045229,0.996673965,0.018182486
1340,0.028335202,0.074046695,0.002468223,0.996569782,0.019212173
247,0.027307831,0.079853223,0.002464606,0.996193609,0.025162195
1336,0.026476887,0.081604136,0.001877093,0.996143467,0.022347277
665,0.02731972,0.081761906,0.001873916,0.996134193,0.015241645
1383,0.027110874,0.080839697,0.00256321,0.996102804,0.020817557
1170,0.027835257,0.071211047,0.001475367,0.996757939,0.023120931
1332,0.027415563,0.078893706,0.002268194,0.996328891,0.012087059
92,0.028872004,0.075678154,0.001872246,0.996429033,0.023430462
381,0.026743603,0.079737386,0.002467122,0.996223899,0.012669907
114,0.029952068,0.073941079,0.001878182,0.996524093,0.023575667
1199,0.028896668,0.079786363,0.002366963,0.996096745,0.022940367
254,0.027161236,0.083755375,0.001975363,0.995879063,0.019643179
429,0.027041768,0.075203748,0.002072544,0.996499003,0.022648254
588,0.027225081,0.078518711,0.001972832,0.996280128,0.015969996
178,0.027054334,0.085507495,0.0012836,0.995875971,0.013194857
1171,0.027166356,0.073034188,0.001378004,0.996690283,0.022567588
904,0.027933397,0.074916779,0.001875387,0.996521483,0.021759935
389,0.026763527,0.078913046,0.005116557,0.9964494,0.007739242
132,0.030385538,0.074726649,0.001781562,0.996487284,0.014034464
1396,0.025042348,0.091394712,0.001183103,0.995482635,0.009251675
1365,0.026949707,0.0842916,0.001967132,0.995860505,0.021127678
570,0.027949815,0.081084092,0.001481439,0.99611955,0.008253569
289,0.02738189,0.081058301,0.00187818,0.99622629,0.012747635
246,0.027820257,0.077738875,0.001973068,0.996300628,0.021678671
891,0.028036401,0.077593703,0.001579516,0.996378169,0.021367517
775,0.026216425,0.07570361,0.002945666,0.996715109,0.024458962
552,0.027428178,0.078436696,0.002269238,0.996294034,0.021017661
89,0.028113562,0.074215871,0.001572787,0.996556954,0.025413526
192,0.028048815,0.080393435,0.001382688,0.996127993,0.016423864
959,0.028001704,0.085885086,0.001187351,0.995792056,0.021836449
1436,0.026868324,0.073125145,0.004232007,0.996785285,0.018224439
1062,0.027665424,0.080338029,0.001575255,0.996250635,0.014145801
436,0.027400061,0.07411815,0.001478421,0.996554009,0.023723764
961,0.027875774,0.082342268,0.001977005,0.996015243,0.019432779
1079,0.027973653,0.078799024,0.003545956,0.996315159,0.004927479
651,0.027470558,0.084387972,0.002272744,0.995857126,0.007590799
920,0.028062426,0.082408672,0.001185736,0.996018483,0.009258545
146,0.02813942,0.081061276,0.001974696,0.996135458,0.017386137
118,0.030041186,0.074510047,0.001679935,0.996497762,0.022632427
953,0.027250672,0.08254189,0.001184812,0.996130539,0.02057846
1400,0.02675715,0.084023375,0.001875963,0.995938643,0.018848973
533,0.028349014,0.07813265,0.001876764,0.996265366,0.022228998
862,0.028533044,0.076219757,0.001579684,0.99648446,0.024161897
802,0.027978526,0.072704761,0.003448058,0.996685727,0.019073283
972,0.027134673,0.081108005,0.001973431,0.996089183,0.023234922
1040,0.024927356,0.095374231,0.001872015,0.99512369,0.002060898
945,0.027729443,0.078945033,0.001381538,0.996286311,0.022281749
897,0.029049505,0.077267732,0.00138331,0.996477084,0.011123502
26,0.028449302,0.078752393,0.003248536,0.996316218,0.018235153
676,0.025779622,0.090574379,0.000987725,0.995527994,0.015389294
14,0.026417008,0.091670961,0.001379993,0.995270643,0.018257715
500,0.028489698,0.078841281,0.001879529,0.996249114,0.017436766
887,0.029217685,0.077091258,0.001776751,0.996362554,0.020365196
82,0.028006,0.076917887,0.001676415,0.996382474,0.024659659
353,0.02554133,0.085795203,0.003155686,0.995914658,0.00710366
1225,0.028020136,0.084849707,0.001677262,0.995898772,0.014879036
1392,0.027922704,0.081104109,0.001677336,0.996041336,0.021382196
1166,0.028558312,0.07622115,0.001772585,0.996389663,0.025240988
600,0.02687596,0.080035028,0.002173791,0.996189071,0.020167936
875,0.028466571,0.076602751,0.001482634,0.996428815,0.005993235
273,0.02796206,0.078451858,0.001877311,0.996259546,0.02499957
912,0.027442081,0.077785467,0.0015794,0.996305483,0.019589142
684,0.026941715,0.085266089,0.001579002,0.99575791,0.017817932
1091,0.027441062,0.080941263,0.002369013,0.996169791,0.010162385
466,0.027664775,0.081512285,0.001877253,0.996030717,0.017828232
1338,0.027780682,0.081760228,0.001779545,0.996051141,0.020484943
1273,0.027133935,0.083967195,0.001776039,0.995963415,0.018845
662,0.026980355,0.08133494,0.002264774,0.99610684,0.01923361
447,0.02762206,0.077539067,0.001479753,0.996268496,0.025314098
371,0.026500961,0.08820469,0.001779915,0.995664828,0.00773646
557,0.02783445,0.076396681,0.002270186,0.996414082,0.016177334
854,0.028593169,0.075426808,0.001873346,0.996422641,0.024138555
1429,0.027712518,0.083137554,0.004733811,0.995974094,0.018256873
271,0.02666469,0.084339426,0.001481372,0.995876777,0.022943832
605,0.027053296,0.08293711,0.00148102,0.995936467,0.006386141
449,0.028299665,0.073658013,0.001479077,0.996601788,0.024335667
1245,0.029254892,0.076794092,0.00168018,0.996346517,0.019962558
523,0.026930437,0.086216858,0.002071572,0.995735662,0.009671881
214,0.028595952,0.07510148,0.001385271,0.996603561,0.020077735
344,0.026870573,0.082291129,0.001679411,0.996088186,0.014027617
838,0.028097781,0.077392134,0.001774597,0.996436052,0.019840705
1269,0.026892725,0.084534119,0.001878536,0.996019546,0.015774784
147,0.027135004,0.084463868,0.001578764,0.995903999,0.017178343
1309,0.028326599,0.078465665,0.001579183,0.996365901,0.019101551
1103,0.028154362,0.077276832,0.003347022,0.99642814,0.019814363
723,0.026661911,0.083441908,0.004838643,0.996069259,0.017049031
412,0.026344031,0.072544383,0.004620035,0.996944621,0.022492866
688,0.027665566,0.080131335,0.001976112,0.996157974,0.021670137
1384,0.027119034,0.083625239,0.00147922,0.995909543,0.014850508
783,0.026853855,0.079673018,0.001678366,0.996258271,0.024586071
342,0.025072037,0.093674658,0.001974176,0.995280902,0.014322645
947,0.027740761,0.081544016,0.001382102,0.996100629,0.02194772
747,0.02456571,0.085832,0.001381205,0.995947178,0.019664131
173,0.026251567,0.086156459,0.001480352,0.995881813,0.020042856
1012,0.02750776,0.082720468,0.002070477,0.995899216,0.004473895
377,0.027162682,0.081784366,0.001481601,0.996129627,0.019915764
991,0.027506726,0.081337092,0.001577447,0.996157552,0.007246184
738,0.026417415,0.085955172,0.001478587,0.995778836,0.017447653
305,0.025628549,0.08891135,0.001379999,0.995669118,0.016148561
543,0.027734938,0.079947687,0.001776615,0.996187656,0.023582866
1131,0.02712525,0.079803273,0.001572478,0.996164989,0.023709407
1093,0.026895736,0.079997574,0.002561499,0.99622594,0.019620237
18,0.027789655,0.080609707,0.001478173,0.996190134,0.018220053
285,0.027179875,0.081341953,0.002273226,0.996068296,0.023308502
221,0.028718302,0.079740165,0.001973766,0.996159928,0.013218372
1023,0.025505805,0.086857608,0.002166516,0.99571119,0.019943528
22,0.027926573,0.079059734,0.002163326,0.996309978,0.018201148
1211,0.029161079,0.075027997,0.002075873,0.9965181,0.023133568
116,0.029512462,0.074225323,0.001677966,0.996514448,0.02377337
987,0.027639341,0.079265682,0.001875527,0.996299532,0.01516421
406,0.026415883,0.073432212,0.002759868,0.996706749,0.020213338
361,0.025140661,0.09050638,0.001676044,0.995570184,0.005793986
95,0.028300083,0.077504757,0.001577705,0.996419305,0.02370438
1197,0.028344714,0.07821956,0.001777717,0.996311773,0.020830045
261,0.027456535,0.07920914,0.001777761,0.996237648,0.020747428
1198,0.02812204,0.080813864,0.002170824,0.996112276,0.024182468
1172,0.027680019,0.073189516,0.001182065,0.99667769,0.024593181
608,0.027433858,0.079933183,0.001776293,0.996204295,0.024669364
179,0.028147712,0.083356732,0.001283931,0.99603394,0.019497078
102,0.029629096,0.079504742,0.001580218,0.996130218,0.022537245
574,0.028513301,0.081198778,0.001578591,0.996090962,0.017364435
716,0.026651927,0.078480583,0.001671892,0.996349355,0.016952813
1016,0.025283965,0.090805835,0.001869243,0.995519224,0.023064932
563,0.02806483,0.082613372,0.001482297,0.996004999,0.021514111
184,0.029090015,0.079381227,0.001676374,0.996160444,0.021191325
467,0.027853525,0.082869177,0.001481571,0.996010462,0.024255956
380,0.026532989,0.080092147,0.001874077,0.996220051,0.02141462
903,0.027231125,0.079128124,0.00197327,0.996303989,0.023422598
603,0.026995647,0.080195859,0.002373244,0.996169036,0.01820783
71,0.028059542,0.07669608,0.001772182,0.996359864,0.019586492
1231,0.028693001,0.076810473,0.002070629,0.996366914,0.020772891
396,0.026310416,0.078537084,0.002364981,0.996346874,0.019471159
874,0.027076326,0.083402991,0.001581099,0.99609259,0.02119178
1055,0.026198864,0.08608198,0.001969839,0.995852292,0.020968049
923,0.028167368,0.082426614,0.001185994,0.996037669,0.015602788
346,0.02706988,0.074392772,0.002766265,0.99674459,0.017207207
1021,0.026703608,0.082278644,0.002167821,0.996015015,0.01477016
1319,0.028240165,0.08175824,0.00217232,0.996008892,0.018974235
29,0.027671293,0.080945918,0.001378641,0.996166548,0.018239309
1209,0.028545499,0.080203961,0.001382827,0.996228021,0.020565993
796,0.027926141,0.076673538,0.002269616,0.99636128,0.022924955
39,0.027373987,0.07158593,0.003544833,0.996885767,0.018223532
504,0.029440033,0.078144517,0.002173425,0.996317897,0.020661096
157,0.029276611,0.076296623,0.001675766,0.99639053,0.022980103
932,0.02771978,0.082468812,0.001479704,0.996037799,0.013447352
658,0.027780364,0.079105079,0.00206875,0.996349644,0.012732737
733,0.026479283,0.079833062,0.004841361,0.996431224,0.011189906
635,0.026121136,0.090191847,0.000887133,0.995560276,0.021422131
1287,0.027880553,0.077336517,0.002167393,0.996311074,0.022309599
1098,0.026251708,0.081715843,0.005131913,0.996281926,0.001841474
1376,0.025824459,0.087034341,0.001577066,0.995818734,0.013021629
394,0.026491488,0.074648877,0.00285596,0.996729926,0.018742066
52,0.026412319,0.075898598,0.001570993,0.996598663,0.018196971
988,0.025553223,0.090077578,0.001381255,0.995490433,0.018176879
1163,0.027678856,0.077618997,0.001674522,0.996340302,0.021178043
359,0.02732111,0.080878377,0.002663069,0.996184886,0.016378146
1033,0.02733234,0.085154546,0.002072127,0.995804956,0.016465167
402,0.026731826,0.079307704,0.002170111,0.996179736,0.02379063
989,0.026291734,0.085497555,0.001680299,0.995824126,0.014326731
677,0.025961414,0.089631041,0.001480689,0.995516579,0.020208827
822,0.028316941,0.07261766,0.001775975,0.996716856,0.019273663
963,0.02765691,0.083760926,0.001185296,0.995945072,0.019777735
835,0.02834907,0.079318131,0.001679213,0.996168556,0.024082759
1233,0.027634517,0.085272225,0.001381726,0.995928268,0.022101102
939,0.027742688,0.07977257,0.001382198,0.996268568,0.014939934
691,0.027776289,0.081154211,0.001285024,0.996091331,0.017238146
1179,0.028687903,0.076303908,0.001873093,0.996387074,0.012906173
334,0.025201119,0.089483662,0.002362605,0.9956411,0.007861843
873,0.028851657,0.077563531,0.001482106,0.996370251,0.010385846
805,0.027307704,0.0789656,0.001675924,0.996287583,0.021576124
7,0.027329408,0.081300074,0.00176953,0.996147093,0.018207697
517,0.027839964,0.080953085,0.001777019,0.996117843,0.022884013
197,0.028099787,0.081440084,0.001774723,0.996014203,0.022497488
296,0.026650305,0.083899107,0.002171506,0.995931758,0.01917562
1071,0.025440465,0.091309576,0.001774916,0.99543215,0.014926469
1297,0.028647905,0.078435989,0.002074503,0.996255609,0.022828591
122,0.029613727,0.076008566,0.001678111,0.996403204,0.023828386
378,0.026462195,0.081953814,0.001579833,0.99608443,0.016699323
1371,0.027197313,0.076960513,0.001773738,0.996446489,0.021136763
1076,0.025500039,0.093139138,0.001772203,0.995289161,0.005038777
162,0.028791847,0.078980376,0.001281829,0.996276798,0.018489721
124,0.030324934,0.074083716,0.001679231,0.996475366,0.023254046
551,0.027717498,0.074768197,0.002170053,0.996646252,0.022100402
4,0.027625954,0.082877862,0.001671321,0.996009034,0.018197533
915,0.027241563,0.082415599,0.000888312,0.996192387,0.018615055
958,0.028647034,0.08208857,0.00138296,0.996027745,0.015376201
1246,0.029068807,0.07899992,0.001680849,0.99624931,0.019968436
611,0.02803853,0.078093228,0.001875817,0.996256344,0.020597224
287,0.026798963,0.085736903,0.001681116,0.995813851,0.018833001
956,0.028057074,0.083479674,0.001086718,0.996026122,0.021249289
1453,0.026186655,0.081316455,0.001870475,0.996175797,0.018218874
1104,0.028151554,0.07707226,0.002756096,0.996427193,0.013547694
908,0.025746036,0.08503097,0.00128237,0.996006622,0.016070272
506,0.029000514,0.078885356,0.001583646,0.996311165,0.01608885
356,0.025552433,0.086424444,0.002269135,0.995854268,0.005690269
352,0.02560383,0.088530165,0.00157562,0.995693548,0.01143936
844,0.028258926,0.076279339,0.001976149,0.996374159,0.020646844
836,0.028315247,0.077940925,0.002071847,0.99626261,0.022749304
946,0.028148486,0.076050295,0.001481499,0.996456394,0.019043391
667,0.027106639,0.080235652,0.002858518,0.996242911,0.002393571
886,0.02824899,0.081487472,0.001284045,0.99622138,0.021488818
1220,0.029484852,0.07721284,0.002169454,0.996272442,0.020824395
333,0.023410459,0.0956091,0.002065629,0.995141216,0.007127192
153,0.029021494,0.076995801,0.001776826,0.99630592,0.023330266
787,0.027509491,0.073950246,0.002267808,0.996652113,0.023614641
501,0.028484337,0.078430832,0.001780271,0.996358388,0.013146243
721,0.025665043,0.074033777,0.004442027,0.996889486,0.005443635
373,0.02631443,0.090517683,0.001286044,0.99549666,0.01809108
590,0.027212975,0.080850142,0.001577564,0.996231512,0.019424299
312,0.026202229,0.085600514,0.001773083,0.995783197,0.018863969
42,0.027978398,0.081767853,0.001773279,0.996090076,0.018239824
1133,0.026369068,0.076450619,0.001672665,0.996416238,0.025436372
645,0.028255717,0.078147806,0.001679536,0.996261029,0.023064692
1242,0.027966532,0.082021985,0.001877612,0.996023603,0.020356261
971,0.027611566,0.078298512,0.001873642,0.996284461,0.02208269
1276,0.028831201,0.082642862,0.001777266,0.995960032,0.016809645
522,0.027135081,0.085648184,0.001677441,0.995808145,0.018644149
1184,0.027609125,0.085095267,0.001281852,0.995900574,0.012838353
762,0.026782424,0.080051877,0.001870831,0.996168312,0.020302067
1310,0.028726364,0.075616476,0.001875605,0.996538287,0.017680005
1415,0.027102856,0.082294127,0.001478338,0.996103883,0.019826411
704,0.026562283,0.087685158,0.001481168,0.995641267,0.014498666
1218,0.030085343,0.075558599,0.001775528,0.996367373,0.025054941
1304,0.026727862,0.081564361,0.00216979,0.996130652,0.021905483
944,0.026715447,0.079752018,0.002070201,0.996259447,0.020259269
168,0.027852368,0.079211345,0.001975345,0.996265379,0.008215332
360,0.02672172,0.083616304,0.003056728,0.996000339,0.003707015
1018,0.026588532,0.083310735,0.001871045,0.996085206,0.022489119
1441,0.027493424,0.071936198,0.003153368,0.996858326,0.018236066
743,0.026402674,0.072311802,0.00502439,0.996996513,0.007720795
272,0.027370548,0.080530675,0.001976213,0.996110104,0.022952603
519,0.027225031,0.082168301,0.001972828,0.996081033,0.022989979
814,0.027956494,0.074616277,0.002165644,0.996589955,0.020382704
818,0.027220371,0.077814755,0.001873866,0.996305014,0.02482303
734,0.026764911,0.08049226,0.00365425,0.996326286,0.015337362
1369,0.027384842,0.081169459,0.001576106,0.996197496,0.023478417
1279,0.028417649,0.082786138,0.001677431,0.995999139,0.010960139
1264,0.027527,0.082186348,0.001677272,0.996102483,0.014520137
1443,0.027068095,0.072936212,0.003937177,0.996794895,0.0182247
128,0.02951845,0.075622518,0.00177703,0.99642046,0.023215181
998,0.027901148,0.078379551,0.00157745,0.996258318,0.01890372
1296,0.028376792,0.077912585,0.001779729,0.996450545,0.022305852
544,0.02723377,0.079234484,0.001677442,0.996203419,0.020432176
379,0.026466107,0.080879632,0.001283804,0.996231657,0.020575396
203,0.026534951,0.086115288,0.001381001,0.995899137,0.020213683
343,0.026570976,0.08563954,0.000987769,0.995868334,0.017653571
1249,0.028446883,0.081587241,0.00177793,0.996134774,0.020172474
1354,0.026348944,0.085658738,0.001578963,0.995832172,0.011747288
518,0.028013189,0.07989677,0.001775484,0.996145038,0.018051379
488,0.029301259,0.075176967,0.001775834,0.996440108,0.025204126
1434,0.027480262,0.070325831,0.003644336,0.996972077,0.018222901
917,0.028467191,0.075418287,0.001482666,0.996549369,0.013944957
232,0.028476205,0.079397196,0.001680887,0.996172794,0.017154391
794,0.027441305,0.078079397,0.001974195,0.996277316,0.025518216
1366,0.027763305,0.080631725,0.001772126,0.99613162,0.023155275
514,0.028358145,0.082604212,0.001580942,0.995993369,0.005330864
1444,0.026874323,0.079146358,0.005512682,0.996318772,0.018241394
511,0.028273176,0.078591522,0.001878288,0.996382326,0.013182156
112,0.029517038,0.073348359,0.001579507,0.996668956,0.023450583
1395,0.02514468,0.091999947,0.001774919,0.995433505,0.005728191
217,0.029025602,0.079277409,0.001579625,0.996249488,0.011578319
499,0.027679536,0.081259209,0.001878254,0.996166726,0.021367273
1428,0.027920021,0.082280204,0.003551663,0.996044288,0.018258083
934,0.028527557,0.083411023,0.001283247,0.995898005,0.019943216
225,0.028136732,0.081547161,0.001875782,0.996040324,0.019234328
1042,0.025081254,0.089265567,0.002271137,0.995646802,0.021798831
1248,0.029541035,0.075779177,0.001975989,0.996392433,0.01570505
1349,0.027651705,0.081675853,0.001968093,0.996051791,0.020101946
397,0.026197918,0.079381661,0.001378838,0.996308784,0.017280678
540,0.02736321,0.082682334,0.001778115,0.996139372,0.009479542
328,0.026955764,0.086199201,0.000987391,0.995783443,0.017732559
795,0.027827288,0.076475704,0.001578853,0.996355076,0.024501981
848,0.026028747,0.089621708,0.001183125,0.995599564,0.025358393
1405,0.026458552,0.084509406,0.001777067,0.995947294,0.020393039
93,0.028857189,0.07731363,0.001969774,0.996311698,0.02368469
213,0.028663037,0.0753146,0.001680247,0.996485293,0.017929365
770,0.025707349,0.070916825,0.002068407,0.996873872,0.023487232
337,0.025353312,0.092337355,0.001282463,0.995388797,0.00989055
803,0.027909716,0.074261542,0.002366902,0.996662871,0.025012803
212,0.027844962,0.079782728,0.002468525,0.996296696,0.022811824
618,0.028129121,0.080242019,0.001579179,0.996264376,0.015527431
1139,0.026601048,0.081177368,0.002355812,0.996214154,0.010684625
1136,0.027407574,0.079472142,0.002062936,0.99620147,0.024787186
36,0.027304681,0.080829741,0.004337206,0.996177275,0.018230169
105,0.029102021,0.080400499,0.001578415,0.996176976,0.023705616
362,0.025619665,0.084052209,0.002364892,0.996112291,0.013701555
850,0.028807134,0.078430383,0.001874437,0.996213843,0.021195929
756,0.026677688,0.083194864,0.001877319,0.995967022,0.012528604
758,0.025759573,0.086161332,0.001677827,0.995839446,0.020243546
365,0.025542931,0.08658955,0.002958641,0.995878451,0.001537937
856,0.027692901,0.078348243,0.001971025,0.996353132,0.024381626
1227,0.028205991,0.086294554,0.001380713,0.995789839,0.014986233
1457,0.02609434,0.07966159,0.002067853,0.996311452,0.018233945
565,0.028807015,0.080501795,0.001578467,0.996111055,0.008706649
249,0.027611199,0.080664147,0.001775006,0.996074015,0.00810608
476,0.028802037,0.076443762,0.002071379,0.996333475,0.024513258
781,0.026135321,0.08037844,0.001577982,0.996298159,0.022908471
454,0.026848584,0.083496147,0.001966929,0.99585628,0.016379488
1318,0.028381819,0.078618627,0.001681153,0.996429294,0.021900939
1107,0.027576303,0.077213648,0.002265196,0.996390918,0.01201043
230,0.028496472,0.079156868,0.00178103,0.996288124,0.012773735
652,0.02559918,0.08757094,0.002075609,0.995798215,0.015085498
70,0.027570762,0.077099666,0.00196934,0.996289168,0.024377342
610,0.026943522,0.08211359,0.00187519,0.996120756,0.024188168
1401,0.027632002,0.078751205,0.001973714,0.99633104,0.016047248
1358,0.027603369,0.083105858,0.001675919,0.995988713,0.019852341
1416,0.027591427,0.080803464,0.001872275,0.996149046,0.02156865
410,0.026493007,0.072316097,0.005200479,0.996922042,0.016091137
1344,0.0265367,0.084443924,0.001972989,0.995866136,0.023410583
1151,0.026401682,0.076545176,0.001674734,0.996367967,0.02603645
338,0.025835734,0.091016728,0.000887487,0.995464645,0.013154937
1025,0.026684922,0.084978184,0.001378557,0.995908868,0.02344779
43,0.028275939,0.080788397,0.002364538,0.996160341,0.018235696
539,0.027057102,0.079986325,0.001579977,0.996274112,0.010866257
601,0.026074119,0.085926073,0.00158025,0.995754793,0.012663665
965,0.027141318,0.085075696,0.00138174,0.995938336,0.02079916
1308,0.027822979,0.080410383,0.001677272,0.996299448,0.017124268
171,0.026169998,0.087496671,0.001580075,0.995743721,0.018077223
417,0.026704202,0.078437435,0.001675171,0.996332794,0.022810076
837,0.027993078,0.077769503,0.001774209,0.996317025,0.018248769
1219,0.030073817,0.07543105,0.002169259,0.996380081,0.024603581
806,0.027512517,0.078888937,0.00167639,0.996268667,0.025880639
882,0.027426968,0.082280903,0.002269138,0.996052754,0.015760678
1406,0.026428116,0.084214966,0.001972247,0.995886353,0.010970552
637,0.026445992,0.081903633,0.001776223,0.996165266,0.013512285
423,0.026220231,0.083786452,0.003055741,0.996073061,0.018164405
727,0.024539907,0.091457968,0.000985538,0.995492381,0.015511815
967,0.028338827,0.081461784,0.001382382,0.996104816,0.023925658
376,0.027231661,0.082780301,0.001677312,0.996027584,0.017235956
524,0.026844404,0.089119472,0.001085619,0.995611558,0.02153298
438,0.027708602,0.07642052,0.002267964,0.99642498,0.024338528
1260,0.02854471,0.077732479,0.001975412,0.996398028,0.021127744
150,0.028024708,0.079929625,0.001480178,0.996159955,0.023803483
1460,0.02725751,0.076557194,0.002558467,0.996522753,0.017908244
1323,0.028218387,0.079721876,0.001874648,0.996227447,0.021481839
981,0.025960204,0.084494047,0.00197416,0.995864995,0.01792461
954,0.027661876,0.080910987,0.001383094,0.996123911,0.018283688
1314,0.028456719,0.081516643,0.001976161,0.996182783,0.007848277
143,0.029610053,0.075110834,0.001480503,0.996575678,0.012275488
717,0.027155986,0.074482178,0.00314852,0.996703389,0.005075018
526,0.028913529,0.080721047,0.001578896,0.996085879,0.020414979
583,0.028256547,0.079039293,0.001778384,0.996290293,0.021228946
975,0.027808371,0.07691677,0.001873614,0.996368011,0.023962606
566,0.0279363,0.085190909,0.001283293,0.995934044,0.013794742
440,0.027931765,0.081229126,0.001579181,0.996068456,0.023105778
1155,0.027692197,0.074502849,0.001970975,0.996524882,0.02444262
174,0.028463228,0.079657506,0.00158129,0.996212984,0.010827623
1266,0.026749877,0.086665652,0.001678037,0.995766628,0.016508588
123,0.029723764,0.074556285,0.002073751,0.996486711,0.02502054
138,0.02944164,0.077457201,0.001778354,0.996372283,0.016208465
879,0.028340461,0.079787779,0.001481209,0.99616227,0.021175584
1075,0.025907847,0.091120754,0.001477634,0.995432665,0.008437658
732,0.025780372,0.084650495,0.005827747,0.996050865,0.005187173
624,0.027153209,0.080373498,0.002073518,0.996177176,0.018703911
784,0.027416477,0.076825307,0.002071029,0.996362105,0.016221698
182,0.029018928,0.078765661,0.001677965,0.996217809,0.021160799
617,0.028646288,0.077246196,0.001679265,0.996298124,0.014992328
690,0.027662767,0.080222024,0.002074708,0.996155995,0.02104474
1281,0.028436431,0.081458527,0.00207349,0.996064989,0.020674513
240,0.027222422,0.081174105,0.001874007,0.996084191,0.022886525
458,0.026098287,0.086764492,0.002265134,0.995772739,0.013471599
681,0.026373979,0.085443789,0.001975579,0.995889336,0.020573184
465,0.027555817,0.084050181,0.001481496,0.995861314,0.022576433
1187,0.027677511,0.082441554,0.001871433,0.995996412,0.023106008
1191,0.027988504,0.074110405,0.001773919,0.996548429,0.025682042
145,0.028839798,0.078815612,0.002172861,0.996256989,0.018641131
206,0.026143021,0.083657666,0.002170364,0.995999755,0.020861613
1212,0.028546546,0.075564387,0.001777986,0.996462139,0.02116054
1267,0.027860094,0.083876666,0.001284331,0.995948963,0.019618296
324,0.02747746,0.084705696,0.001779116,0.995810835,0.019159955
657,0.028297375,0.082131405,0.001281763,0.996028154,0.015929379
1333,0.026224778,0.086265718,0.002070377,0.995851446,0.023304017
714,0.026406045,0.080104904,0.00167501,0.996237002,0.020311062
1347,0.026505381,0.083260396,0.00197066,0.995971697,0.022271501
1382,0.02750734,0.080550167,0.002169038,0.996081193,0.022418228
79,0.02870041,0.071307204,0.001479403,0.99682146,0.022491958
1329,0.026911513,0.082607501,0.001872962,0.996120283,0.019337838
687,0.027960922,0.080523502,0.001679631,0.996120182,0.021885439
166,0.027950763,0.079802885,0.001975319,0.9962521,0.018821317
229,0.028365199,0.081537594,0.001581335,0.996043481,0.018136817
1410,0.026749054,0.082714788,0.00217151,0.99603213,0.01564823
1292,0.028065919,0.076884806,0.002075297,0.996340125,0.015022522
740,0.026171375,0.082941614,0.002262938,0.995988085,0.009943127
100,0.029284876,0.07621956,0.001774841,0.996376002,0.023540993
290,0.027097378,0.083270044,0.001483433,0.996075865,0.00934892
444,0.027686399,0.076359284,0.001872034,0.996414762,0.024894757
878,0.026549544,0.086656132,0.001085669,0.995854634,0.022119384
1077,0.025784364,0.091524652,0.002263513,0.995453611,0.016170446
739,0.025895784,0.086549026,0.001575409,0.995756884,0.0209371
391,0.025767856,0.085466666,0.00324557,0.995898112,0.012110826
86,0.028893454,0.072626743,0.00167071,0.996627601,0.022707664
1459,0.027279214,0.073860689,0.002560504,0.996725376,0.018217631
666,0.026438582,0.082965848,0.001775726,0.996083435,0.017870668
1385,0.02713548,0.083577277,0.001381443,0.99602011,0.005118201
475,0.028204135,0.076920368,0.001972317,0.996315991,0.025339874
44,0.02797404,0.081262616,0.001576002,0.996131927,0.018214959
788,0.027422182,0.071711964,0.001972819,0.99676671,0.021178906
1002,0.027156988,0.082458489,0.001975054,0.996019549,0.023655936
1137,0.027301259,0.072377798,0.002455149,0.996692361,0.025145012
24,0.028299261,0.074187299,0.004913066,0.996664602,0.018202286
1235,0.027414784,0.083624954,0.002169515,0.995906144,0.014216645
832,0.027241713,0.085377107,0.001677932,0.99580304,0.025625702
1193,0.028610012,0.075964514,0.001874449,0.996417651,0.023196715
591,0.026720736,0.081049614,0.001774809,0.996160885,0.017749533
1437,0.027169256,0.072845108,0.00442977,0.996796704,0.018215831
973,0.027503365,0.081327155,0.001478676,0.996035848,0.021942845
1056,0.026874541,0.083379988,0.001771948,0.995933099,0.021645751
109,0.029484457,0.075831263,0.001676374,0.996357718,0.024867715
1160,0.026593407,0.075643468,0.001969882,0.996464794,0.02393428
222,0.026732677,0.082861434,0.001972891,0.996112809,0.020800615
1052,0.027388433,0.081574183,0.001773352,0.996131118,0.021437855
722,0.024600094,0.088323228,0.005038573,0.995760424,0.012215105
55,0.028186002,0.070808737,0.003339108,0.99692023,0.018180161
1439,0.027159477,0.072326869,0.005117003,0.996831536,0.018240875
253,0.02802751,0.07914811,0.001677703,0.996259563,0.021640097
1072,0.025929071,0.088139124,0.002070382,0.995656614,0.021940286
642,0.027034031,0.0821874,0.001479965,0.996115238,0.013069713
545,0.027736432,0.079458462,0.001678005,0.996241313,0.023115545
477,0.028902957,0.072997229,0.002170188,0.996609459,0.018528636
949,0.028081389,0.08038792,0.001483172,0.996197158,0.011571292
843,0.028458481,0.076679797,0.001877469,0.996343287,0.02485007
63,0.027945822,0.076555809,0.002164817,0.996504733,0.018231456
413,0.02645641,0.07209126,0.003540635,0.99678706,0.024240584
384,0.025995184,0.086552147,0.002166265,0.995694328,0.013226362
974,0.02806872,0.078296957,0.001674275,0.996291846,0.023617393
884,0.026689527,0.080760531,0.001581602,0.996310144,0.019321763
451,0.028158796,0.078273576,0.001575317,0.996289709,0.020901313
1258,0.027939447,0.082732355,0.001974519,0.996046212,0.022095064
656,0.028418638,0.081308881,0.001677489,0.996033789,0.019492652
369,0.026648538,0.08527532,0.004145328,0.995964415,0.003771802
689,0.027853139,0.078423378,0.00217294,0.996292959,0.021636236
219,0.027225163,0.086015733,0.001479628,0.995888576,0.017872333
1364,0.026647863,0.087515121,0.002163295,0.995607411,0.020654885
21,0.028747719,0.076004243,0.002953533,0.996521947,0.018204753
760,0.026604974,0.082278345,0.001872202,0.996011392,0.01798548
869,0.028490614,0.079437371,0.001483886,0.996182229,0.02319634
420,0.027057361,0.081073691,0.001672637,0.996104432,0.019662637
199,0.028539552,0.077323422,0.001975055,0.996316731,0.021172178
450,0.028780942,0.074712173,0.001872733,0.996490851,0.022015059
1161,0.027688484,0.076562107,0.00177364,0.996391287,0.023978676
1019,0.026683675,0.082709545,0.001870811,0.995960768,0.023284299
911,0.026075508,0.083955234,0.001777876,0.996005387,0.023858817
696,0.025778613,0.092151135,0.002074141,0.99539029,0.006679419
811,0.027665346,0.074301215,0.002173706,0.99654528,0.023972604
1236,0.02782161,0.083070197,0.001183898,0.996053104,0.023418162
1431,0.024828373,0.094879853,0.003152809,0.995006892,0.018230251
910,0.027259148,0.079209554,0.001876536,0.996242852,0.015546534
1049,0.026022163,0.089401901,0.002267082,0.995544874,0.019057548
505,0.028385517,0.07763983,0.001879181,0.996361334,0.017251841
1320,0.02841695,0.080416023,0.002664089,0.996171984,0.023430805
1255,0.027619244,0.084238693,0.001676883,0.995871009,0.019983324
405,0.026030317,0.079668546,0.001774794,0.996251227,0.0218621
317,0.026406862,0.083950174,0.001182397,0.995972248,0.010035973
183,0.029102264,0.078230832,0.001874383,0.996283947,0.02267049
1120,0.027327925,0.071858681,0.002457547,0.996879453,0.019148884
1352,0.027419009,0.078015957,0.001873961,0.996355501,0.016511909
609,0.02761864,0.079502229,0.001676846,0.996145179,0.016472065
626,0.027371655,0.081031915,0.001870725,0.996111645,0.024497883
485,0.029193878,0.074069603,0.001972559,0.996536982,0.009189866
278,0.026673977,0.082886915,0.001778265,0.996026071,0.017743705
630,0.025867907,0.083527668,0.001875917,0.996111869,0.012298812
20,0.027663345,0.080824221,0.001968921,0.996175754,0.018226615
170,0.026348544,0.084966653,0.001381572,0.996014432,0.012304837
901,0.027319648,0.082353451,0.001676657,0.996131558,0.020282851
1039,0.025827408,0.092071754,0.001182935,0.995341003,0.002778464
176,0.027641076,0.080060401,0.00157949,0.996164622,0.022025155
327,0.027365904,0.082888063,0.001481908,0.996039865,0.016045098
706,0.025828033,0.08891941,0.001182963,0.995660805,0.00906927
1222,0.028770935,0.078996486,0.001977384,0.996205999,0.023129175
470,0.028609191,0.077540774,0.001973048,0.996290428,0.025214493
1343,0.026541056,0.083569792,0.001775981,0.995930912,0.020292191
266,0.027466224,0.078841896,0.001481991,0.996194034,0.020490609
615,0.027052772,0.080467187,0.001875922,0.996114664,0.024206211
130,0.030138956,0.074408635,0.001778692,0.99646305,0.023690024
865,0.029071801,0.075942663,0.00187879,0.996450798,0.021489479
1404,0.026919631,0.083815701,0.001873527,0.996026352,0.015618444
1348,0.027494464,0.080709555,0.001872383,0.996107673,0.021009391
489,0.029309419,0.073816313,0.002072383,0.996520229,0.02414424
606,0.025366898,0.087451642,0.001875374,0.995823494,0.025025958
1217,0.029908621,0.073833823,0.002566416,0.996559199,0.025192776
1164,0.027974717,0.073876893,0.001674543,0.996648537,0.025138008
416,0.026927669,0.076245743,0.002761812,0.996521007,0.021274676
152,0.028096681,0.07650184,0.001478773,0.996495622,0.02451033
889,0.028837994,0.07821812,0.001481404,0.996293426,0.01840201
849,0.028230831,0.07995445,0.001678056,0.996074516,0.023943464
279,0.027054954,0.07968375,0.001579851,0.996293729,0.017534218
1034,0.027721461,0.080895367,0.002860934,0.996196855,0.020065697
269,0.027555431,0.078913223,0.00217283,0.996242405,0.021186726
96,0.028200719,0.07513618,0.001676266,0.996491127,0.024005398
210,0.027337448,0.081321505,0.001677749,0.99608974,0.023678935
569,0.028415034,0.082285202,0.00147995,0.996006131,0.019693262
1449,0.026584461,0.085267198,0.002166141,0.995834225,0.01824868
871,0.028874834,0.078021383,0.001186637,0.996379539,0.022213697
532,0.027615694,0.081269043,0.002564314,0.996038909,0.023311385
1408,0.025802811,0.085090186,0.002068164,0.995968805,0.012091048
1356,0.026912326,0.082807156,0.002070179,0.996051795,0.007097553
1099,0.024224733,0.091679782,0.005120675,0.995478964,0.011228798
712,0.027293153,0.075671991,0.002266218,0.996643473,0.021160527
77,0.02720417,0.077472744,0.001478487,0.996303426,0.025066142
263,0.027171324,0.081415166,0.001383267,0.996150127,0.016955065
1456,0.025601409,0.081333705,0.001477004,0.996190192,0.01822997
149,0.027834543,0.081628253,0.002072785,0.996022612,0.022113863
469,0.028885513,0.079755563,0.001577366,0.996106564,0.023883742
564,0.028507923,0.081873966,0.001282363,0.996001732,0.021210644
461,0.026464402,0.087688019,0.001184973,0.995772507,0.023731595
1277,0.028048996,0.08029519,0.001678989,0.996233182,0.019270363
896,0.029133405,0.077326969,0.001283845,0.996461195,0.01474213
1345,0.027611471,0.081848289,0.001972248,0.9959852,0.016208587
695,0.02465287,0.094765631,0.001281949,0.995187045,0.006123655
1175,0.028595294,0.071389631,0.002070694,0.996693913,0.026045156
928,0.028920135,0.078341873,0.001386582,0.996259036,0.013292316
1326,0.027317005,0.079288346,0.001775112,0.996232429,0.024070133
1214,0.028233612,0.079468732,0.00187566,0.996271364,0.019669496
586,0.027196577,0.083067806,0.001872228,0.99592683,0.01797014
1372,0.026999874,0.07833905,0.002069333,0.996334761,0.014497666
243,0.026904746,0.081009893,0.001576835,0.9960669,0.023475794
1111,0.026603301,0.080006964,0.001872084,0.996244348,0.012119119
751,0.02497567,0.090425745,0.002270515,0.995571653,0.011686035
1393,0.027615383,0.080676368,0.001972527,0.99612631,0.017115153
1312,0.028676905,0.079207589,0.002076603,0.996275228,0.019856381
648,0.028015104,0.080184574,0.002573826,0.996070602,0.020938274
1190,0.02747423,0.077597468,0.001378635,0.996260894,0.024746174
595,0.02695031,0.08529329,0.001579505,0.995779412,0.013433316
313,0.026582837,0.085852718,0.001476824,0.995773384,0.022010691
933,0.026934168,0.082085084,0.001381239,0.996169589,0.020354264
155,0.027400914,0.079442937,0.001478467,0.9963879,0.024038131
1380,0.02763534,0.07787244,0.002171348,0.996254011,0.025407856
1303,0.027423114,0.080888322,0.001972886,0.996110093,0.018758817
1150,0.027098628,0.076664483,0.001872269,0.996342658,0.026303169
999,0.027413846,0.080860984,0.001479164,0.996167879,0.022348909
1046,0.025229414,0.094708856,0.001379734,0.995182135,0.016869773
1306,0.028516721,0.077754934,0.001973475,0.996309097,0.021224139
1391,0.026253079,0.090306644,0.001184349,0.995544395,0.023265631
25,0.026939591,0.083375085,0.004326066,0.995978321,0.018224653
196,0.026250538,0.089014984,0.001480294,0.995645421,0.023031966
1088,0.027225563,0.080887541,0.001676937,0.99610048,0.017816709
15,0.027317483,0.087080642,0.001479286,0.995658166,0.01825946
1321,0.028389028,0.081618455,0.00197146,0.995981728,0.018588831
883,0.027336931,0.079050115,0.002861989,0.996366991,0.011357876
621,0.026836053,0.079817525,0.001479929,0.996288467,0.021715005
1360,0.027899274,0.081726141,0.002070264,0.996092799,0.02178511
1050,0.026901295,0.087207496,0.001379554,0.99564355,0.014526471
1067,0.024743992,0.093652559,0.001675888,0.995280247,0.009592728
497,0.02754751,0.079285486,0.001481049,0.996153507,0.023181145
792,0.027357888,0.07901195,0.001777769,0.996241925,0.023140854
964,0.028056327,0.082489554,0.001383058,0.995999621,0.011419093
515,0.027345356,0.087366932,0.001382076,0.995785581,0.018158353
1426,0.02585261,0.087918608,0.002466852,0.995621494,0.018273691
1411,0.026326891,0.082924775,0.001873449,0.99608333,0.012452095
1095,0.026930424,0.083051855,0.002555442,0.996032541,0.012586675
542,0.027129955,0.082672372,0.001479816,0.996113299,0.021121981
456,0.027291013,0.082267134,0.001576376,0.995974207,0.011254167
633,0.027456233,0.082171171,0.001678978,0.996029158,0.021181634
431,0.0265349,0.078519631,0.00177557,0.99639044,0.022510747
627,0.027592145,0.080411394,0.002069411,0.996076429,0.010790035
728,0.025721624,0.0870199,0.001773905,0.995752063,0.016285601
1288,0.02798554,0.07627045,0.001872272,0.996442876,0.02043555
209,0.027546584,0.083330884,0.002073399,0.995922549,0.021021214
316,0.025011509,0.091577572,0.001280117,0.99543836,0.017115194
513,0.026990456,0.086507871,0.001680724,0.995779743,0.019159039
1337,0.027192483,0.082862911,0.002076517,0.995937043,0.02055375
829,0.027702824,0.076798933,0.003351943,0.996414393,0.019085776
319,0.026238592,0.086409799,0.001676902,0.995784155,0.003568202
1031,0.026387418,0.087826778,0.001378447,0.99573117,0.018680237
1417,0.02689923,0.084047776,0.002167703,0.99586269,0.019901799
141,0.028226329,0.080731248,0.002171256,0.996310452,0.00906933
1110,0.026502174,0.082954759,0.001379295,0.995949718,0.019617471
753,0.0260791,0.086041272,0.002370827,0.995747447,0.017285059
1001,0.027042384,0.082311489,0.001875202,0.996028228,0.020106046
1239,0.028310551,0.07960493,0.001479646,0.996294668,0.020653779
580,0.027859968,0.080517283,0.001383119,0.996142042,0.016325836
562,0.026475784,0.088417264,0.000987902,0.995706822,0.018953642
398,0.026290263,0.079067719,0.001575446,0.996371424,0.020820587
668,0.024428214,0.094166824,0.001477513,0.995252711,0.007820374
252,0.027896152,0.078759808,0.001675741,0.996277065,0.020349551
907,0.026648711,0.077083863,0.002368774,0.996464386,0.008720113
468,0.028693022,0.080162978,0.001774826,0.996071838,0.023956245
914,0.027148895,0.076313076,0.001777019,0.996611256,0.008093508
357,0.024654543,0.092898319,0.001282036,0.99535322,0.003302608
1278,0.028742571,0.080992813,0.001382804,0.99611283,0.017938641
1300,0.027724368,0.076759993,0.002269254,0.996399957,0.018897691
1202,0.029689842,0.077035769,0.001972747,0.996237218,0.026972554
1305,0.026827066,0.080481197,0.002071207,0.996152069,0.022477886
1414,0.025509559,0.091499536,0.001083418,0.995463738,0.016370125
508,0.027857076,0.083077308,0.001679327,0.996038643,0.012290342
749,0.026053057,0.079935515,0.001578973,0.996332051,0.014110552
129,0.029907313,0.075607265,0.001875376,0.996416897,0.024763352
144,0.029133297,0.076635385,0.001777625,0.996556281,0.020582924
960,0.027901579,0.084990981,0.001780952,0.995749985,0.019809593
847,0.027017092,0.083220532,0.001972051,0.995984116,0.008400186
715,0.026496973,0.078604403,0.00167453,0.996345279,0.020387249
905,0.028137847,0.074639341,0.002270774,0.996573419,0.018563615
1096,0.026451684,0.082993388,0.002065001,0.996117321,0.017582272
235,0.028304392,0.082933849,0.001682429,0.995997918,0.016725321
1061,0.027672071,0.080061901,0.002363451,0.996194572,0.016205441
